{"cameraMode":{"drawMode":0,"name":"Shaded","section":"Shading Mode"},"sceneLighting":false,"audioPlay":false,"sceneViewState":{"m_AlwaysRefresh":false,"showFog":true,"showSkybox":false,"showFlares":true,"showImageEffects":true,"showParticleSystems":true,"showVisualEffectGraphs":true,"m_FxEnabled":true},"in2DMode":false,"pivot":{"x":-1.7953813076019288,"y":-1.2435379028320313,"z":1.6027030944824219},"rotation":{"x":0.12559862434864045,"y":-0.032732535153627399,"z":0.004146263934671879,"w":0.9915326237678528},"size":7.8775200843811039,"orthographic":false}